<?xml version="1.0" encoding="UTF-8"?><processDefinition xmlns="http://www.bonitasoft.org/ns/process/client/6.3" bos_version="6.0-SNAPSHOT" description="" displayDescription="" name="Pool" version="1.0">
  <stringIndexes>
    <stringIndex index="1"/>
    <stringIndex index="2"/>
    <stringIndex index="3"/>
    <stringIndex index="4"/>
    <stringIndex index="5"/>
  </stringIndexes>
  <flowElements>
    <transitions>
      <transition id="5621942275988504079" name="-5133002142028086764_-&gt;_-8046305188440324220" source="-5133002142028086764" target="-8046305188440324220"/>
    </transitions>
    <connectors/>
    <dataDefinitions/>
    <documentDefinitions/>
    <documentListDefinitions/>
    <flowNodes>
      <userTask actorName="Employee actor" expectedDuration="3600000" id="-8046305188440324220" name="Step1" priority="NORMAL">
        <incomingTransition idref="5621942275988504079"/>
        <dataDefinitions/>
        <operations/>
        <boundaryEvents/>
      </userTask>
      <startEvent id="-5133002142028086764" interrupting="true" name="Start1">
        <outgoingTransition idref="5621942275988504079"/>
      </startEvent>
    </flowNodes>
  </flowElements>
  <dependencies>
    <parameters/>
    <actors>
      <actor name="Employee actor">
        <description>This is an example of actor that is mapped to any ACME users</description>
      </actor>
      <actor name="Employee actor"/>
    </actors>
  </dependencies>
  <actorInitiator name="Employee actor"/>
</processDefinition>
